{"name":"0536beac-63c8-4df9-915d-d8454057ecb0","id":"/providers/Microsoft.Flow/flows/0536beac-63c8-4df9-915d-d8454057ecb0","type":"Microsoft.Flow/flows","properties":{"apiId":"/providers/Microsoft.PowerApps/apis/shared_logicflows","displayName":"Sync Outlook to Gcal","definition":{"metadata":{"workflowEntityId":null,"flowclientsuspensionreason":"None","flowclientsuspensiontime":null,"creator":{"id":"8b375c34-abc5-4ea3-af35-9862302bc9c7","type":"User","tenantId":"9274ee3f-9425-4109-a27f-9fb15c10675d"},"provisioningMethod":"FromDefinition","failureAlertSubscription":true,"clientLastModifiedTime":"2020-11-17T17:28:40.5304244Z"},"$schema":"https://schema.management.azure.com/providers/Microsoft.Logic/schemas/2016-06-01/workflowdefinition.json#","contentVersion":"1.0.0.0","parameters":{"$connections":{"defaultValue":{},"type":"Object"},"$authentication":{"defaultValue":{},"type":"SecureObject"}},"triggers":{"When_an_event_is_added,_updated_or_deleted_(V3)":{"splitOn":"@triggerBody()?['value']","metadata":{"flowSystemMetadata":{"swaggerOperationId":"CalendarGetOnChangedItemsV3"}},"type":"ApiConnectionNotification","inputs":{"host":{"connection":{"name":"@parameters('$connections')['shared_office365']['connectionId']"},"api":{"runtimeUrl":"https://flow-apim-msmanaged-na-westus2-01.azure-apim.net/apim/office365"}},"fetch":{"pathTemplate":{"parameters":{"table":"@{encodeURIComponent(encodeURIComponent('AQMkADVmMjY1YWQ0LTkzZjUtNDhlOS04YzMyLWQ2YzJiMGY3MTVmNQBGAAADIcgD93aED0G_C6h48w-nUwcA9AF4i-5Vi0eQ3qSa-vgNvQAAAgEGAAAA9AF4i-5Vi0eQ3qSa-vgNvQAAAkm1AAAA'))}"},"template":"/datasets/calendars/v3/tables/{table}/onchangeditems"},"queries":{"incomingDays":90,"pastDays":50},"method":"get"},"subscribe":{"pathTemplate":{"parameters":{"table":"@{encodeURIComponent(encodeURIComponent('AQMkADVmMjY1YWQ0LTkzZjUtNDhlOS04YzMyLWQ2YzJiMGY3MTVmNQBGAAADIcgD93aED0G_C6h48w-nUwcA9AF4i-5Vi0eQ3qSa-vgNvQAAAgEGAAAA9AF4i-5Vi0eQ3qSa-vgNvQAAAkm1AAAA'))}"},"template":"/{table}/GraphEventSubscriptionPoke/$subscriptions"},"queries":{"incomingDays":90,"pastDays":50},"body":{"NotificationUrl":"@{listCallbackUrl()}"},"method":"post"},"authentication":"@parameters('$authentication')"}}},"actions":{"Switch":{"runAfter":{},"cases":{"Case_added":{"case":"added","actions":{"Convert_time_zone_(add_start)":{"runAfter":{},"type":"Expression","kind":"ConvertTimeZone","inputs":{"baseTime":"@triggerBody()?['start']","formatString":"yyyy-MM-ddTHH:mm:ss-00:00","sourceTimeZone":"Eastern Standard Time","destinationTimeZone":"Eastern Standard Time"}},"Create_an_event":{"runAfter":{"Convert_time_zone_(add_end)":["Succeeded"]},"metadata":{"flowSystemMetadata":{"swaggerOperationId":"CreateEvent"}},"type":"ApiConnection","inputs":{"host":{"connection":{"name":"@parameters('$connections')['shared_googlecalendar_1']['connectionId']"},"api":{"runtimeUrl":"https://flow-apim-msmanaged-na-centralus-01.azure-apim.net/apim/googlecalendar"}},"method":"post","body":{"start":"@body('Convert_time_zone_(add_start)')","end":"@body('Convert_time_zone_(add_end)')","summary":"@triggerBody()?['subject']","description":"\nOutlook ID: @{triggerBody()?['id']}\nSeries master ID: @{triggerBody()?['seriesMasterId']}","isAllDay":"@triggerBody()?['isAllDay']"},"path":"/calendars/@{encodeURIComponent('your@googlecalendarusername.com')}/events","authentication":"@parameters('$authentication')"}},"Convert_time_zone_(add_end)":{"runAfter":{"Convert_time_zone_(add_start)":["Succeeded"]},"type":"Expression","kind":"ConvertTimeZone","inputs":{"baseTime":"@triggerBody()?['end']","formatString":"yyyy-MM-ddTHH:mm:ss-00:00","sourceTimeZone":"Eastern Standard Time","destinationTimeZone":"Eastern Standard Time"}},"Delay_2":{"runAfter":{"Create_an_event":["Succeeded"]},"type":"Wait","inputs":{"interval":{"count":30,"unit":"Second"}},"description":"Delay to work around the creation of infinitely repeating events - there will be many \"new\" events created in rapid succession. Sept. 15, 2020."}}},"Case_updated":{"case":"updated","actions":{"Convert_time_zone_(update_start)":{"runAfter":{},"type":"Expression","kind":"ConvertTimeZone","inputs":{"baseTime":"@triggerBody()?['start']","formatString":"yyyy-MM-ddTHH:mm:ss-00:00","sourceTimeZone":"Eastern Standard Time","destinationTimeZone":"Eastern Standard Time"}},"Convert_time_zone_(update_end)":{"runAfter":{"Convert_time_zone_(update_start)":["Succeeded"]},"type":"Expression","kind":"ConvertTimeZone","inputs":{"baseTime":"@triggerBody()?['end']","formatString":"yyyy-MM-ddTHH:mm:ss-00:00","sourceTimeZone":"Eastern Standard Time","destinationTimeZone":"Eastern Standard Time"}},"List_the_events_on_a_calendar":{"runAfter":{"Convert_time_zone_(update_end)":["Succeeded"]},"metadata":{"flowSystemMetadata":{"swaggerOperationId":"ListEvents"}},"type":"ApiConnection","inputs":{"host":{"connection":{"name":"@parameters('$connections')['shared_googlecalendar_1']['connectionId']"},"api":{"runtimeUrl":"https://flow-apim-msmanaged-na-centralus-01.azure-apim.net/apim/googlecalendar"}},"method":"get","path":"/calendars/@{encodeURIComponent('your@googlecalendarusername.com')}/events","queries":{"q":"@triggerBody()?['id']"},"authentication":"@parameters('$authentication')"}},"Apply_to_each_2":{"foreach":"@body('List_the_events_on_a_calendar')?['items']","actions":{"Update_an_event_2":{"runAfter":{},"metadata":{"flowSystemMetadata":{"swaggerOperationId":"UpdateEvent"}},"type":"ApiConnection","inputs":{"host":{"connection":{"name":"@parameters('$connections')['shared_googlecalendar_1']['connectionId']"},"api":{"runtimeUrl":"https://flow-apim-msmanaged-na-centralus-01.azure-apim.net/apim/googlecalendar"}},"method":"patch","body":{"start":"@body('Convert_time_zone_(update_start)')","end":"@body('Convert_time_zone_(update_end)')","description":"\nOutlook ID: @{triggerBody()?['id']}\nSeries master ID: @{triggerBody()?['seriesMasterId']}"},"path":"/calendars/@{encodeURIComponent('your@googlecalendarusername.com')}/events/@{encodeURIComponent(items('Apply_to_each_2')?['id'])}","authentication":"@parameters('$authentication')"}},"Delay":{"runAfter":{"Update_an_event_2":["Succeeded"]},"type":"Wait","inputs":{"interval":{"count":1,"unit":"Minute"}},"description":"Delay to work around rate limiting on Gcal, which prevents multiple actions in short succession Sept 2, 2020"}},"runAfter":{"List_the_events_on_a_calendar":["Succeeded"]},"type":"Foreach"}}},"Case_deleted":{"case":"deleted","actions":{"List_the_events_on_a_calendar_2":{"runAfter":{},"metadata":{"flowSystemMetadata":{"swaggerOperationId":"ListEvents"}},"type":"ApiConnection","inputs":{"host":{"connection":{"name":"@parameters('$connections')['shared_googlecalendar_1']['connectionId']"},"api":{"runtimeUrl":"https://flow-apim-msmanaged-na-centralus-01.azure-apim.net/apim/googlecalendar"}},"method":"get","path":"/calendars/@{encodeURIComponent('your@googlecalendarusername.com')}/events","queries":{"q":"@triggerBody()?['id']"},"authentication":"@parameters('$authentication')"}},"Apply_to_each_3":{"foreach":"@body('List_the_events_on_a_calendar_2')?['items']","actions":{"Delete_an_event":{"runAfter":{},"metadata":{"flowSystemMetadata":{"swaggerOperationId":"DeleteEvent"}},"type":"ApiConnection","inputs":{"host":{"connection":{"name":"@parameters('$connections')['shared_googlecalendar_1']['connectionId']"},"api":{"runtimeUrl":"https://flow-apim-msmanaged-na-centralus-01.azure-apim.net/apim/googlecalendar"}},"method":"delete","path":"/calendars/@{encodeURIComponent('your@googlecalendarusername.com')}/events/@{encodeURIComponent(items('Apply_to_each_3')?['id'])}","authentication":"@parameters('$authentication')"}},"Delay_3":{"runAfter":{"Delete_an_event":["Succeeded"]},"type":"Wait","inputs":{"interval":{"count":30,"unit":"Second"}}}},"runAfter":{"List_the_events_on_a_calendar_2":["Succeeded"]},"type":"Foreach"}}}},"default":{"actions":{}},"expression":"@triggerBody()?['ActionType']","type":"Switch"}},"description":"Changed on Sept. 15 - added delays for create + update events, to handle rapid deletions."},"connectionReferences":{"shared_googlecalendar_1":{"connectionName":"shared-googlecalenda-d48e0fc8-568b-46d4-ad92-7ad5762c5f4a","source":"Embedded","id":"/providers/Microsoft.PowerApps/apis/shared_googlecalendar","tier":"NotSpecified"},"shared_office365":{"connectionName":"shared-office365-e97de43e-bb1b-4276-a177-8eb29aef0679","source":"Embedded","id":"/providers/Microsoft.PowerApps/apis/shared_office365","tier":"NotSpecified"}},"flowFailureAlertSubscribed":false}}